customer_id,customer_segment,registration_date
1,Occasional,2023-09-16
2,Occasional,2023-07-01
3,Occasional,2022-06-17
4,Occasional,2022-10-04
5,New,2023-10-18
6,Occasional,2022-08-13
7,Occasional,2022-02-27
8,Regular,2022-02-02
9,Occasional,2023-02-15
10,Regular,2022-08-05
11,New,2023-08-04
12,New,2022-11-19
13,Regular,2023-05-27
14,Regular,2023-10-21
15,Occasional,2022-09-29
16,Regular,2023-07-29
17,Occasional,2023-08-22
18,Regular,2023-08-21
19,Regular,2022-08-13
20,New,2022-05-22
21,Occasional,2022-04-04
22,Occasional,2022-04-23
23,Regular,2022-06-13
24,Occasional,2023-03-09
25,Occasional,2023-01-30
26,Regular,2023-04-25
27,Occasional,2023-07-21
28,New,2022-01-12
29,Occasional,2022-04-28
30,Occasional,2023-07-04
31,Occasional,2023-10-19
32,Regular,2022-10-28
33,Regular,2023-04-10
34,Premium,2022-09-27
35,New,2022-07-02
36,Occasional,2022-04-19
37,New,2022-11-02
38,Occasional,2023-06-04
39,Occasional,2022-06-06
40,Regular,2022-06-15
41,Occasional,2023-06-28
42,New,2023-09-06
43,Regular,2022-01-20
44,Regular,2023-01-07
45,New,2022-11-11
46,Regular,2022-09-04
47,New,2022-03-22
48,Premium,2023-05-13
49,Occasional,2023-06-30
50,Occasional,2022-05-12
51,Occasional,2023-07-17
52,Regular,2023-06-25
53,New,2023-03-10
54,New,2023-07-07
55,Occasional,2023-12-08
56,Regular,2022-11-16
57,Regular,2023-11-19
58,Occasional,2023-03-25
59,New,2023-04-08
60,Regular,2022-08-19
61,Premium,2022-01-22
62,Occasional,2022-08-24
63,Occasional,2022-01-08
64,Premium,2023-10-09
65,Premium,2022-03-11
66,New,2022-12-05
67,Premium,2022-09-01
68,Regular,2023-05-13
69,Regular,2022-05-16
70,Occasional,2023-08-08
71,Occasional,2022-09-06
72,Occasional,2023-02-21
73,Regular,2022-04-10
74,Occasional,2022-12-29
75,Regular,2023-04-24
76,New,2022-02-25
77,Occasional,2023-10-24
78,Premium,2023-02-17
79,Occasional,2022-04-22
80,Regular,2022-07-14
81,Occasional,2022-05-24
82,Regular,2022-10-13
83,Occasional,2022-03-19
84,Regular,2023-07-18
85,Premium,2023-10-30
86,New,2022-01-16
87,New,2022-08-31
88,Regular,2023-05-13
89,Occasional,2023-02-15
90,New,2022-06-18
91,Regular,2023-02-04
92,Regular,2023-04-11
93,Regular,2023-12-15
94,New,2023-07-24
95,Occasional,2023-05-14
96,Regular,2022-10-31
97,Regular,2022-03-01
98,Occasional,2023-07-10
99,Premium,2022-11-18
100,Premium,2023-08-22
101,Occasional,2023-06-28
102,Regular,2023-06-05
103,Premium,2022-07-10
104,Premium,2022-03-11
105,Occasional,2022-08-29
106,Regular,2023-08-07
107,Regular,2023-09-01
108,Premium,2022-03-25
109,Regular,2023-08-21
110,Occasional,2022-11-20
111,New,2022-07-29
112,Occasional,2022-11-18
113,Regular,2023-02-10
114,Regular,2023-10-23
115,Regular,2022-11-20
116,New,2022-03-16
117,Premium,2023-09-29
118,New,2022-04-13
119,Premium,2022-08-07
120,Occasional,2022-05-16
121,New,2022-03-12
122,New,2023-01-14
123,Regular,2023-03-25
124,Occasional,2023-12-22
125,Regular,2023-11-01
126,Occasional,2023-11-15
127,Occasional,2022-11-03
128,New,2022-04-17
129,New,2022-05-18
130,Regular,2022-04-20
131,Occasional,2022-06-09
132,Regular,2023-09-12
133,Regular,2022-12-18
134,Regular,2023-10-12
135,New,2023-06-02
136,Occasional,2022-02-22
137,Premium,2023-03-10
138,Occasional,2022-02-15
139,Premium,2022-05-14
140,Occasional,2022-09-26
141,Regular,2023-03-29
142,Occasional,2023-03-14
143,Occasional,2022-04-25
144,Premium,2023-12-09
145,New,2023-07-13
146,Premium,2023-01-14
147,Occasional,2022-06-01
148,Regular,2022-02-12
149,Regular,2022-02-10
150,New,2022-08-04
151,Occasional,2023-11-14
152,Regular,2023-07-28
153,New,2023-02-21
154,New,2022-06-08
155,New,2022-08-31
156,New,2022-07-01
157,New,2022-01-26
158,Regular,2022-12-07
159,Occasional,2023-02-26
160,Occasional,2022-09-12
161,Regular,2023-12-20
162,Regular,2022-02-09
163,New,2022-08-16
164,Regular,2023-04-17
165,Regular,2022-08-22
166,Regular,2023-11-07
167,Regular,2022-12-03
168,Regular,2022-03-13
169,New,2022-10-13
170,Regular,2023-06-06
171,Regular,2023-07-04
172,Regular,2022-01-29
173,Regular,2022-09-25
174,Regular,2022-09-29
175,Premium,2023-09-03
176,Regular,2022-11-18
177,Regular,2023-06-08
178,Regular,2023-08-14
179,Regular,2022-02-15
180,Occasional,2022-01-02
181,Occasional,2023-07-06
182,Occasional,2023-11-18
183,Regular,2023-03-18
184,Premium,2023-11-12
185,New,2023-10-01
186,Regular,2022-05-08
187,Occasional,2022-11-04
188,Occasional,2023-11-14
189,Regular,2023-02-17
190,Occasional,2023-07-22
191,Regular,2023-03-07
192,Occasional,2023-01-24
193,Occasional,2022-06-28
194,Occasional,2022-11-05
195,Regular,2022-01-01
196,Regular,2022-08-04
197,Regular,2023-08-17
198,Occasional,2022-11-26
199,Occasional,2023-03-29
200,Occasional,2023-06-08
201,Occasional,2022-06-23
202,Occasional,2022-10-18
203,Occasional,2023-10-11
204,Occasional,2022-04-06
205,Occasional,2022-08-29
206,Occasional,2022-08-19
207,Occasional,2022-05-31
208,Premium,2022-09-08
209,New,2023-09-18
210,Occasional,2022-03-16
211,Occasional,2023-10-07
212,Occasional,2023-12-15
213,Regular,2023-02-14
214,Regular,2023-11-03
215,Occasional,2022-04-20
216,Occasional,2022-08-13
217,Regular,2023-12-14
218,Occasional,2022-02-21
219,Occasional,2022-05-05
220,Occasional,2023-04-21
221,Occasional,2023-07-27
222,Occasional,2023-03-30
223,Occasional,2023-06-01
224,Regular,2023-07-16
225,Regular,2022-06-12
226,Occasional,2023-05-02
227,Occasional,2022-09-11
228,Occasional,2022-10-11
229,Occasional,2023-06-18
230,Occasional,2022-09-02
231,Regular,2022-03-21
232,Occasional,2022-08-29
233,Regular,2022-11-24
234,New,2022-03-24
235,Regular,2022-08-25
236,Regular,2022-06-06
237,Occasional,2022-03-07
238,Regular,2022-12-05
239,Occasional,2023-03-02
240,Premium,2023-03-07
241,Regular,2023-08-22
242,New,2022-01-21
243,New,2023-08-13
244,Regular,2022-01-07
245,New,2022-11-02
246,Occasional,2023-03-06
247,Occasional,2023-07-14
248,Occasional,2022-08-14
249,Occasional,2022-10-07
250,Regular,2022-01-30
251,Regular,2023-11-16
252,Occasional,2023-02-19
253,Occasional,2023-04-24
254,New,2023-09-30
255,Occasional,2023-02-08
256,Occasional,2023-11-10
257,Premium,2023-10-21
258,Regular,2023-04-18
259,Regular,2022-09-24
260,Regular,2022-08-05
261,Occasional,2022-12-12
262,Occasional,2023-01-24
263,Regular,2023-03-08
264,Regular,2022-03-25
265,Occasional,2023-07-07
266,Premium,2022-12-25
267,Regular,2022-03-12
268,Occasional,2023-10-30
269,Premium,2022-02-01
270,New,2022-07-24
271,Occasional,2023-09-29
272,Regular,2022-05-10
273,Occasional,2022-04-28
274,Occasional,2022-08-12
275,Occasional,2022-09-20
276,Occasional,2022-06-21
277,Occasional,2022-04-28
278,Occasional,2022-06-17
279,New,2022-04-21
280,Occasional,2022-11-16
281,Occasional,2023-01-20
282,Regular,2022-07-23
283,Premium,2023-12-09
284,Occasional,2022-09-06
285,Regular,2022-11-05
286,New,2023-09-07
287,Occasional,2023-08-03
288,Occasional,2022-12-22
289,Occasional,2023-11-09
290,Regular,2023-06-03
291,Occasional,2022-01-13
292,Occasional,2023-05-17
293,Regular,2023-01-06
294,Occasional,2023-04-16
295,Occasional,2023-03-22
296,Regular,2023-06-19
297,New,2022-10-04
298,Occasional,2023-07-06
299,Occasional,2023-04-22
300,Regular,2023-08-30
301,Regular,2022-09-09
302,Occasional,2022-03-30
303,Regular,2023-04-07
304,Regular,2023-04-21
305,Occasional,2023-11-16
306,Regular,2022-01-30
307,Occasional,2022-11-29
308,Regular,2022-08-06
309,Regular,2022-09-22
310,Regular,2023-09-03
311,Occasional,2022-10-10
312,Occasional,2023-06-14
313,New,2022-03-29
314,Regular,2023-02-21
315,Occasional,2022-09-04
316,Occasional,2023-10-24
317,Occasional,2023-04-04
318,Occasional,2022-04-06
319,Regular,2023-02-19
320,Occasional,2022-11-10
321,Occasional,2023-01-13
322,Occasional,2023-06-28
323,Regular,2023-07-18
324,Regular,2023-12-21
325,Occasional,2022-11-10
326,Regular,2022-05-04
327,Occasional,2022-11-20
328,Regular,2023-07-03
329,New,2023-12-08
330,Regular,2022-08-10
331,Occasional,2022-10-11
332,Occasional,2023-06-22
333,Occasional,2022-04-13
334,Occasional,2022-10-31
335,Regular,2022-07-03
336,Regular,2023-12-27
337,Occasional,2022-10-08
338,Premium,2022-02-25
339,Occasional,2023-12-16
340,New,2023-10-16
341,New,2023-05-18
342,Regular,2022-01-13
343,Occasional,2023-04-26
344,Occasional,2022-12-15
345,Regular,2022-02-22
346,Regular,2023-05-05
347,Regular,2022-03-08
348,Regular,2022-03-17
349,Occasional,2023-12-04
350,Premium,2022-06-02
351,Occasional,2022-11-08
352,Premium,2022-09-12
353,Regular,2023-03-03
354,Occasional,2023-09-26
355,Regular,2023-06-20
356,Regular,2023-03-30
357,Regular,2023-08-26
358,New,2022-11-09
359,Occasional,2022-03-03
360,Occasional,2022-04-12
361,New,2022-08-01
362,Occasional,2022-09-28
363,Occasional,2022-06-10
364,Regular,2023-07-20
365,Premium,2022-01-03
366,Regular,2023-12-07
367,Occasional,2022-10-26
368,Premium,2022-10-23
369,Occasional,2023-12-21
370,New,2022-03-14
371,Occasional,2022-09-28
372,Occasional,2023-10-03
373,Occasional,2022-07-22
374,Regular,2023-07-12
375,Regular,2022-06-02
376,New,2022-05-26
377,Premium,2022-06-19
378,Occasional,2023-09-02
379,Occasional,2023-08-06
380,New,2023-03-26
381,Regular,2023-12-07
382,Regular,2023-02-17
383,New,2023-05-28
384,Occasional,2023-03-25
385,Premium,2022-02-10
386,New,2022-11-27
387,Occasional,2022-01-27
388,Premium,2023-11-22
389,Occasional,2023-08-13
390,Occasional,2022-01-22
391,New,2023-11-20
392,Occasional,2023-08-14
393,Premium,2022-06-29
394,Occasional,2023-10-30
395,Regular,2022-10-12
396,Regular,2023-08-23
397,Regular,2023-05-19
398,New,2023-04-27
399,Regular,2022-12-08
400,Regular,2022-04-18
401,New,2022-12-04
402,Regular,2023-05-23
403,Regular,2023-02-15
404,Occasional,2023-07-18
405,Premium,2022-04-01
406,Regular,2022-11-28
407,Regular,2023-02-18
408,New,2022-01-02
409,Occasional,2023-07-10
410,Occasional,2022-02-25
411,Regular,2023-01-06
412,Occasional,2023-05-26
413,Occasional,2022-02-22
414,Regular,2023-07-17
415,Regular,2022-10-22
416,Regular,2023-12-17
417,Occasional,2022-01-30
418,New,2023-09-16
419,Occasional,2023-12-28
420,Regular,2023-07-19
421,Premium,2023-02-22
422,Premium,2022-04-27
423,Occasional,2022-05-01
424,Occasional,2022-06-07
425,Occasional,2022-10-26
426,Occasional,2022-10-07
427,Regular,2023-05-10
428,New,2022-09-07
429,Occasional,2022-05-29
430,Regular,2023-09-06
431,Occasional,2022-05-20
432,New,2022-10-10
433,Occasional,2023-03-01
434,Regular,2023-06-04
435,Regular,2022-01-03
436,Regular,2022-11-02
437,Occasional,2023-08-17
438,New,2023-05-17
439,New,2023-04-03
440,Occasional,2022-12-20
441,Regular,2023-07-11
442,Regular,2022-11-26
443,New,2023-12-16
444,Regular,2023-01-28
445,Regular,2023-02-25
446,Premium,2023-04-30
447,Occasional,2023-01-26
448,Regular,2023-11-11
449,Occasional,2023-10-30
450,New,2023-05-23
451,New,2022-05-10
452,Occasional,2023-08-28
453,Regular,2022-04-13
454,New,2023-03-27
455,Premium,2023-04-13
456,Premium,2022-05-28
457,Regular,2023-11-02
458,New,2022-03-18
459,Occasional,2022-09-29
460,Regular,2023-12-11
461,Regular,2022-03-24
462,New,2023-11-22
463,New,2023-01-25
464,New,2023-10-04
465,Occasional,2023-05-15
466,New,2022-02-06
467,Occasional,2022-08-29
468,Occasional,2022-10-22
469,New,2022-04-03
470,Regular,2022-04-11
471,Occasional,2023-12-22
472,New,2023-03-31
473,Regular,2022-11-03
474,New,2022-02-17
475,Regular,2022-02-27
476,Regular,2023-01-19
477,Regular,2022-09-08
478,Occasional,2023-08-03
479,Occasional,2022-07-04
480,Regular,2022-03-22
481,Occasional,2023-01-27
482,Occasional,2022-09-04
483,Occasional,2023-08-21
484,Regular,2023-04-18
485,Occasional,2023-04-16
486,Regular,2022-01-10
487,New,2023-04-22
488,New,2023-11-25
489,Occasional,2022-03-17
490,Regular,2022-12-20
491,New,2022-11-03
492,Occasional,2023-03-11
493,Occasional,2023-04-13
494,Occasional,2022-07-23
495,New,2023-05-10
496,Regular,2023-01-26
497,Occasional,2023-08-12
498,Regular,2023-12-18
499,Regular,2023-11-06
500,Regular,2022-01-09
501,Occasional,2023-12-04
502,Occasional,2022-02-20
503,New,2023-05-24
504,Occasional,2022-10-21
505,Occasional,2022-08-24
506,Occasional,2022-12-27
507,Regular,2022-07-14
508,Occasional,2023-11-26
509,Occasional,2023-11-07
510,Occasional,2022-05-21
511,Occasional,2023-10-05
512,Occasional,2022-11-13
513,Occasional,2022-02-04
514,Occasional,2022-05-15
515,Premium,2022-10-30
516,Regular,2023-03-02
517,Regular,2022-05-16
518,Occasional,2023-01-10
519,Occasional,2022-10-07
520,Occasional,2022-09-21
521,New,2023-05-09
522,New,2022-10-30
523,Occasional,2022-12-13
524,Occasional,2023-04-25
525,New,2022-05-25
526,Occasional,2022-08-20
527,New,2023-11-22
528,New,2023-07-25
529,Regular,2023-02-09
530,Premium,2023-07-04
531,Regular,2023-01-13
532,Occasional,2023-11-20
533,Regular,2023-01-26
534,Occasional,2023-01-16
535,Regular,2022-08-28
536,Occasional,2023-09-27
537,New,2023-07-29
538,Regular,2023-09-17
539,Regular,2022-03-06
540,Occasional,2023-04-21
541,New,2022-11-06
542,Occasional,2022-04-30
543,Regular,2022-02-08
544,Regular,2023-05-20
545,Regular,2022-08-29
546,New,2022-05-19
547,Regular,2023-01-15
548,Occasional,2023-12-15
549,New,2023-03-06
550,Occasional,2022-06-08
551,New,2023-11-02
552,Premium,2023-05-17
553,Occasional,2022-10-14
554,Premium,2023-01-15
555,Regular,2023-04-01
556,New,2023-01-07
557,Premium,2023-12-04
558,Regular,2023-10-23
559,Regular,2023-02-12
560,Regular,2022-05-06
561,New,2023-04-11
562,Premium,2022-08-06
563,Occasional,2023-09-04
564,New,2022-02-21
565,Occasional,2022-09-07
566,New,2023-08-02
567,Regular,2023-07-22
568,Regular,2022-08-10
569,Occasional,2022-08-27
570,Regular,2022-06-01
571,Occasional,2023-09-03
572,Premium,2022-05-29
573,New,2023-07-08
574,Regular,2022-06-28
575,Regular,2022-01-27
576,Regular,2023-01-02
577,Occasional,2022-09-01
578,Occasional,2022-01-17
579,Regular,2022-02-23
580,Regular,2023-03-08
581,Occasional,2022-03-07
582,Occasional,2023-01-06
583,Occasional,2022-04-22
584,Occasional,2022-08-15
585,New,2022-02-14
586,Occasional,2023-11-06
587,Occasional,2023-04-15
588,Occasional,2022-02-01
589,Premium,2023-05-06
590,Occasional,2023-03-13
591,Occasional,2023-05-18
592,Occasional,2023-03-31
593,Premium,2022-03-24
594,Regular,2022-06-01
595,Premium,2022-10-09
596,Occasional,2023-08-23
597,Occasional,2022-11-29
598,Regular,2023-09-04
599,Occasional,2023-04-10
600,Occasional,2023-03-17
601,Premium,2023-12-20
602,Regular,2023-11-02
603,Occasional,2023-07-19
604,Occasional,2022-08-09
605,Regular,2022-08-22
606,Regular,2023-04-10
607,Regular,2022-04-08
608,Regular,2022-11-17
609,Occasional,2023-01-19
610,New,2023-12-05
611,New,2022-03-10
612,Premium,2022-03-29
613,Premium,2022-04-09
614,Occasional,2023-01-17
615,Occasional,2023-07-24
616,Premium,2023-07-30
617,Occasional,2023-11-18
618,Regular,2022-12-29
619,New,2023-03-10
620,New,2022-02-22
621,New,2023-09-07
622,Regular,2022-04-17
623,Occasional,2022-08-06
624,Regular,2023-05-09
625,Regular,2022-04-21
626,Regular,2023-07-24
627,Regular,2022-10-13
628,Occasional,2023-03-16
629,Occasional,2023-09-29
630,Occasional,2023-10-21
631,Occasional,2023-09-16
632,New,2023-12-12
633,Regular,2022-07-04
634,Regular,2022-11-13
635,New,2022-12-26
636,Premium,2022-05-27
637,Occasional,2023-02-15
638,Premium,2023-10-11
639,New,2022-04-04
640,Occasional,2022-08-09
641,Regular,2023-04-10
642,Regular,2023-01-14
643,Regular,2022-11-29
644,Occasional,2023-08-05
645,Occasional,2022-02-23
646,Regular,2023-09-25
647,Premium,2022-03-25
648,Regular,2023-11-09
649,Regular,2023-09-14
650,Regular,2022-10-07
651,Regular,2023-06-09
652,Regular,2023-03-17
653,Regular,2023-11-26
654,Occasional,2023-05-14
655,Occasional,2022-11-12
656,Premium,2023-02-09
657,New,2022-02-26
658,Premium,2022-11-05
659,New,2022-05-21
660,Occasional,2022-10-24
661,Regular,2022-01-08
662,Occasional,2023-03-17
663,Regular,2023-01-25
664,Occasional,2022-08-24
665,Occasional,2023-11-16
666,Occasional,2022-03-15
667,Regular,2022-02-13
668,Regular,2023-04-16
669,New,2022-11-17
670,Occasional,2023-08-11
671,Regular,2023-10-18
672,Regular,2022-04-28
673,Regular,2022-11-29
674,Regular,2023-09-25
675,Occasional,2023-12-08
676,New,2022-04-01
677,Regular,2022-04-19
678,Regular,2023-08-27
679,Regular,2022-03-22
680,Regular,2022-11-14
681,Occasional,2022-08-15
682,Regular,2022-06-22
683,Premium,2023-10-11
684,Regular,2023-06-07
685,Regular,2022-12-24
686,Regular,2023-10-23
687,Occasional,2022-08-30
688,Regular,2022-09-20
689,Regular,2023-09-09
690,Regular,2023-11-03
691,Premium,2023-10-06
692,Occasional,2023-08-01
693,Occasional,2023-04-05
694,Occasional,2023-08-02
695,Occasional,2023-10-02
696,Regular,2023-10-05
697,Regular,2023-03-27
698,Premium,2023-03-29
699,Occasional,2022-10-09
700,Occasional,2022-12-27
701,Occasional,2022-11-14
702,Occasional,2022-02-08
703,Premium,2022-10-21
704,Premium,2022-04-03
705,Occasional,2023-06-04
706,Regular,2023-08-18
707,Occasional,2022-02-12
708,Regular,2023-08-09
709,Occasional,2022-11-26
710,Occasional,2023-05-29
711,Regular,2022-03-05
712,Occasional,2022-12-18
713,New,2022-03-28
714,Occasional,2022-06-26
715,Premium,2023-12-26
716,Regular,2023-03-26
717,Occasional,2023-09-17
718,Regular,2023-01-17
719,New,2023-02-01
720,Regular,2022-12-13
721,Occasional,2022-02-23
722,Occasional,2023-10-25
723,Regular,2022-12-04
724,Premium,2023-11-26
725,Regular,2022-09-16
726,Occasional,2023-11-04
727,New,2023-09-10
728,New,2022-12-08
729,Premium,2023-11-11
730,Regular,2022-12-25
731,Regular,2023-11-03
732,Occasional,2023-02-06
733,Regular,2023-12-27
734,New,2022-11-14
735,Occasional,2023-10-21
736,Occasional,2022-05-11
737,Occasional,2023-12-03
738,New,2022-04-06
739,Occasional,2023-03-10
740,Occasional,2022-01-19
741,Regular,2022-07-04
742,New,2022-12-16
743,New,2023-05-13
744,Regular,2022-05-21
745,Regular,2022-10-30
746,Occasional,2022-04-14
747,Occasional,2023-07-07
748,Occasional,2023-06-24
749,Premium,2022-12-11
750,New,2023-09-25
751,Regular,2023-01-21
752,Regular,2022-07-05
753,Occasional,2023-10-02
754,Occasional,2022-06-19
755,Occasional,2022-02-14
756,Regular,2023-11-24
757,Occasional,2023-03-31
758,Occasional,2023-04-05
759,Regular,2022-09-02
760,Regular,2023-04-26
761,New,2022-07-18
762,Regular,2023-08-08
763,New,2023-04-18
764,Occasional,2023-01-27
765,Occasional,2023-03-05
766,New,2022-07-24
767,Occasional,2022-05-22
768,New,2022-02-23
769,Occasional,2023-01-16
770,Occasional,2022-04-16
771,Occasional,2023-06-13
772,New,2022-10-19
773,Premium,2022-06-14
774,Regular,2023-06-10
775,Regular,2023-03-24
776,Premium,2022-08-16
777,Occasional,2022-12-24
778,New,2023-03-01
779,Premium,2023-05-30
780,Regular,2023-01-31
781,New,2023-01-19
782,Regular,2022-11-23
783,New,2023-10-28
784,Regular,2022-05-30
785,Regular,2022-10-21
786,New,2023-04-29
787,Occasional,2022-05-23
788,Occasional,2023-04-26
789,Regular,2022-01-06
790,New,2022-01-20
791,Regular,2022-06-03
792,Occasional,2023-09-16
793,Occasional,2022-04-24
794,Occasional,2022-09-01
795,Regular,2022-02-18
796,Regular,2023-10-17
797,Occasional,2023-04-14
798,Premium,2023-05-27
799,Occasional,2022-01-17
800,Occasional,2023-08-12
801,Regular,2022-05-28
802,Regular,2022-01-02
803,Occasional,2022-09-04
804,Occasional,2022-07-11
805,Occasional,2022-03-29
806,Occasional,2023-01-05
807,Premium,2023-06-23
808,Occasional,2023-06-04
809,Occasional,2023-02-04
810,New,2022-02-14
811,Occasional,2023-01-18
812,Regular,2022-01-17
813,Regular,2022-03-11
814,Regular,2023-11-04
815,Occasional,2023-08-19
816,Occasional,2022-12-07
817,Regular,2022-12-27
818,Occasional,2023-10-21
819,Regular,2023-12-03
820,Occasional,2023-12-14
821,Occasional,2022-07-06
822,Occasional,2022-03-06
823,Occasional,2023-04-14
824,Premium,2022-07-26
825,Premium,2022-07-24
826,New,2022-11-20
827,New,2023-06-12
828,Regular,2023-07-11
829,Occasional,2022-02-07
830,Occasional,2022-07-15
831,Regular,2022-02-18
832,New,2022-12-06
833,Regular,2023-01-12
834,Regular,2023-02-14
835,Occasional,2023-01-31
836,Regular,2022-07-11
837,Occasional,2023-05-25
838,Regular,2023-06-16
839,Regular,2022-03-26
840,Occasional,2022-03-22
841,Regular,2022-07-04
842,Occasional,2022-11-25
843,Regular,2022-12-02
844,Occasional,2022-11-10
845,Regular,2023-03-13
846,Regular,2023-03-31
847,Regular,2022-02-13
848,Occasional,2022-12-28
849,Occasional,2023-03-22
850,Regular,2022-02-28
851,Premium,2023-10-15
852,Regular,2023-06-10
853,Occasional,2023-11-27
854,Regular,2022-02-01
855,Regular,2023-09-15
856,Occasional,2023-03-25
857,Premium,2022-03-10
858,Regular,2023-10-23
859,Regular,2023-01-28
860,New,2022-02-03
861,Occasional,2023-11-27
862,Regular,2023-01-15
863,Regular,2022-03-20
864,Occasional,2023-06-27
865,Regular,2022-11-18
866,Occasional,2022-09-13
867,New,2022-01-27
868,Occasional,2023-05-27
869,Occasional,2023-07-30
870,Regular,2022-09-24
871,Occasional,2022-08-08
872,New,2022-10-20
873,Occasional,2023-05-18
874,Regular,2022-05-19
875,New,2023-04-08
876,Regular,2024-01-01
877,Regular,2022-03-31
878,Occasional,2022-11-24
879,Occasional,2023-12-28
880,Premium,2023-07-10
881,Regular,2022-11-04
882,New,2023-12-30
883,Occasional,2023-12-19
884,Occasional,2023-01-06
885,Occasional,2022-05-05
886,New,2022-05-23
887,Regular,2023-05-21
888,Premium,2023-07-22
889,Occasional,2023-04-24
890,Occasional,2023-07-19
891,Regular,2022-03-30
892,Premium,2023-02-12
893,New,2023-05-06
894,Occasional,2023-02-24
895,Occasional,2022-03-17
896,Regular,2022-11-21
897,Occasional,2023-04-06
898,Occasional,2023-06-14
899,Regular,2023-07-19
900,Occasional,2022-07-06
901,Occasional,2022-05-13
902,Regular,2022-02-26
903,Occasional,2023-06-15
904,Regular,2022-06-18
905,Regular,2023-12-28
906,Regular,2023-06-16
907,New,2022-03-22
908,Regular,2023-10-13
909,New,2022-10-09
910,Regular,2022-11-07
911,Occasional,2022-04-06
912,Occasional,2022-06-22
913,Occasional,2023-08-18
914,Regular,2023-11-06
915,Occasional,2023-09-12
916,Regular,2023-08-01
917,Premium,2022-01-30
918,Premium,2023-10-19
919,Occasional,2022-09-29
920,Occasional,2023-08-09
921,Regular,2023-10-17
922,Premium,2023-10-05
923,Occasional,2023-10-20
924,New,2023-05-10
925,Regular,2023-12-03
926,Regular,2023-04-10
927,Premium,2022-03-03
928,Regular,2023-03-02
929,Occasional,2022-07-28
930,Regular,2022-05-28
931,Regular,2022-11-23
932,Occasional,2022-12-20
933,New,2022-05-14
934,Occasional,2023-06-12
935,Occasional,2022-11-23
936,Regular,2022-05-06
937,Regular,2022-09-11
938,Regular,2022-02-21
939,Regular,2023-01-29
940,New,2023-03-05
941,Regular,2022-06-13
942,Occasional,2023-08-15
943,Occasional,2022-07-14
944,Occasional,2023-05-26
945,New,2023-04-24
946,Occasional,2022-11-12
947,Occasional,2022-04-03
948,New,2023-06-02
949,Occasional,2022-09-04
950,Regular,2022-12-28
951,Premium,2022-10-16
952,Occasional,2023-11-01
953,Occasional,2022-10-20
954,Occasional,2022-04-21
955,Regular,2022-09-28
956,Occasional,2023-02-17
957,Regular,2023-02-15
958,Premium,2023-07-30
959,Regular,2023-07-21
960,Regular,2023-01-31
961,Occasional,2023-07-18
962,Regular,2023-10-01
963,Occasional,2022-05-02
964,Regular,2022-04-10
965,Regular,2022-12-14
966,Occasional,2023-01-10
967,Occasional,2022-07-23
968,Occasional,2023-02-16
969,Occasional,2022-02-16
970,Premium,2024-01-01
971,Regular,2023-05-01
972,Occasional,2022-06-02
973,Occasional,2023-06-12
974,Regular,2023-09-20
975,Regular,2023-02-07
976,New,2022-11-03
977,Occasional,2023-06-04
978,Occasional,2023-06-30
979,Occasional,2023-07-31
980,Regular,2022-01-18
981,Regular,2023-11-21
982,Regular,2023-03-03
983,Occasional,2023-12-06
984,Occasional,2023-09-04
985,Occasional,2023-11-03
986,Occasional,2023-08-16
987,Occasional,2022-02-22
988,Occasional,2022-06-24
989,Occasional,2023-09-27
990,Occasional,2023-01-25
991,Regular,2023-11-29
992,Regular,2023-08-10
993,New,2022-04-23
994,Regular,2023-03-28
995,Regular,2022-06-05
996,Regular,2022-07-28
997,Regular,2023-09-19
998,New,2022-03-05
999,Occasional,2023-06-16
1000,Regular,2022-11-29
1001,New,2023-05-05
1002,Occasional,2022-11-18
1003,New,2023-04-16
1004,New,2022-12-17
1005,Occasional,2023-11-24
1006,Occasional,2023-11-29
1007,Occasional,2023-12-11
1008,Regular,2023-05-11
1009,Regular,2022-09-10
1010,Regular,2022-11-02
1011,Regular,2022-11-01
1012,Occasional,2023-12-23
1013,Regular,2023-12-23
1014,Occasional,2023-05-07
1015,Regular,2022-10-08
1016,Regular,2023-08-11
1017,Occasional,2023-01-24
1018,New,2023-02-09
1019,Occasional,2022-05-30
1020,Regular,2022-10-22
1021,New,2022-03-22
1022,Regular,2023-03-29
1023,Occasional,2023-05-06
1024,Regular,2023-07-06
1025,Regular,2023-07-30
1026,Occasional,2022-05-21
1027,Regular,2023-08-24
1028,Regular,2022-02-21
1029,Occasional,2023-06-28
1030,Regular,2022-08-27
1031,Premium,2023-02-28
1032,Regular,2023-04-29
1033,Regular,2022-05-21
1034,Premium,2023-07-18
1035,New,2022-06-11
1036,Regular,2023-05-03
1037,Occasional,2022-07-24
1038,Occasional,2022-10-22
1039,Regular,2023-10-24
1040,Premium,2022-04-02
1041,Occasional,2022-08-26
1042,Occasional,2022-02-08
1043,New,2022-06-29
1044,Regular,2022-06-30
1045,New,2022-02-07
1046,New,2023-02-11
1047,Occasional,2022-07-10
1048,New,2022-10-24
1049,New,2022-01-10
1050,Regular,2023-09-10
1051,Regular,2022-12-10
1052,Regular,2023-10-19
1053,Occasional,2023-05-21
1054,New,2022-05-18
1055,New,2023-04-25
1056,Regular,2022-04-26
1057,Regular,2023-04-15
1058,Occasional,2022-07-10
1059,Premium,2022-12-12
1060,Occasional,2023-08-05
1061,Occasional,2022-07-17
1062,Regular,2023-10-17
1063,New,2023-03-14
1064,Occasional,2022-03-30
1065,Regular,2022-04-08
1066,Regular,2022-05-24
1067,Occasional,2022-09-12
1068,Premium,2023-01-28
1069,Regular,2022-10-01
1070,New,2022-11-06
1071,Occasional,2023-08-10
1072,Premium,2023-11-01
1073,Regular,2022-08-30
1074,Premium,2022-05-02
1075,Occasional,2022-06-13
1076,Regular,2023-05-30
1077,New,2023-12-22
1078,Occasional,2023-12-08
1079,Regular,2022-10-30
1080,Regular,2022-08-15
1081,Regular,2022-05-17
1082,Occasional,2023-04-11
1083,Occasional,2023-09-13
1084,Regular,2023-12-20
1085,Occasional,2023-04-28
1086,Occasional,2023-11-12
1087,Occasional,2022-09-11
1088,Occasional,2023-09-03
1089,New,2022-03-25
1090,Occasional,2023-06-25
1091,Occasional,2022-03-21
1092,New,2022-04-25
1093,Premium,2023-07-15
1094,New,2022-07-27
1095,Occasional,2022-06-03
1096,Regular,2023-06-17
1097,Regular,2023-11-28
1098,Regular,2023-08-21
1099,Occasional,2023-06-07
1100,Regular,2022-02-26
1101,Occasional,2023-06-10
1102,Regular,2023-08-01
1103,Premium,2023-04-19
1104,Occasional,2022-11-12
1105,Occasional,2023-02-10
1106,Regular,2022-01-04
1107,Occasional,2023-08-16
1108,Premium,2023-03-10
1109,Regular,2022-03-07
1110,Occasional,2022-03-03
1111,New,2022-03-12
1112,New,2023-04-29
1113,Premium,2023-02-23
1114,Regular,2022-05-19
1115,Occasional,2023-10-24
1116,New,2023-01-19
1117,New,2023-01-27
1118,Regular,2023-01-22
1119,Regular,2023-12-01
1120,New,2023-07-07
1121,Regular,2022-12-23
1122,Regular,2023-07-05
1123,Regular,2022-05-11
1124,Occasional,2022-08-17
1125,Occasional,2022-01-24
1126,New,2023-04-20
1127,Occasional,2023-07-12
1128,Regular,2023-01-24
1129,Occasional,2022-09-11
1130,Occasional,2022-06-08
1131,Regular,2022-04-26
1132,Premium,2023-11-08
1133,Regular,2022-01-17
1134,Regular,2022-03-10
1135,Regular,2022-02-04
1136,Regular,2023-11-20
1137,Occasional,2022-02-19
1138,Regular,2022-02-15
1139,Regular,2022-08-28
1140,Occasional,2022-02-27
1141,Regular,2022-10-24
1142,Regular,2023-08-13
1143,Regular,2023-09-05
1144,Occasional,2022-11-25
1145,Regular,2022-05-27
1146,New,2023-06-18
1147,Regular,2022-11-04
1148,Regular,2023-07-25
1149,New,2022-06-29
1150,Occasional,2023-03-14
1151,Occasional,2022-02-18
1152,New,2023-10-21
1153,Occasional,2023-06-22
1154,Regular,2023-03-03
1155,Regular,2022-11-04
1156,Regular,2023-07-05
1157,Occasional,2022-08-19
1158,Regular,2023-12-26
1159,Regular,2023-04-20
1160,New,2023-07-30
1161,Regular,2023-03-03
1162,Occasional,2022-05-18
1163,Regular,2022-09-19
1164,Regular,2023-10-25
1165,Premium,2023-04-06
1166,Occasional,2022-04-05
1167,Occasional,2022-07-15
1168,Premium,2023-01-22
1169,Occasional,2023-09-10
1170,Premium,2022-03-16
1171,Regular,2023-08-25
1172,Occasional,2023-07-27
1173,Regular,2022-08-02
1174,New,2022-12-07
1175,Regular,2022-01-16
1176,Regular,2022-07-14
1177,New,2022-05-01
1178,Occasional,2023-05-06
1179,New,2023-12-14
1180,Occasional,2022-07-29
1181,Regular,2022-09-03
1182,Occasional,2022-10-17
1183,Regular,2023-07-01
1184,Occasional,2022-11-12
1185,Regular,2023-06-10
1186,New,2023-04-23
1187,Premium,2023-04-26
1188,Occasional,2022-11-24
1189,New,2023-01-15
1190,Regular,2022-02-16
1191,Occasional,2022-08-15
1192,Occasional,2022-01-17
1193,Regular,2023-08-22
1194,Occasional,2023-03-04
1195,Regular,2022-07-20
1196,Regular,2023-01-24
1197,Occasional,2022-09-09
1198,Occasional,2023-11-02
1199,New,2022-12-12
1200,Regular,2023-05-16
1201,New,2023-10-20
1202,Occasional,2023-04-17
1203,Regular,2022-12-27
1204,Regular,2023-07-14
1205,Occasional,2023-07-10
1206,New,2022-03-02
1207,Occasional,2022-03-18
1208,New,2023-11-16
1209,Premium,2022-01-07
1210,Regular,2023-10-08
1211,Regular,2023-12-26
1212,Regular,2022-08-12
1213,Occasional,2023-01-18
1214,Premium,2023-10-16
1215,Occasional,2023-09-24
1216,New,2023-11-07
1217,Occasional,2022-01-07
1218,Occasional,2023-02-26
1219,Premium,2023-06-27
1220,Occasional,2023-07-03
1221,New,2022-01-18
1222,Occasional,2023-12-16
1223,Occasional,2022-07-03
1224,Regular,2022-04-09
1225,Occasional,2022-09-04
1226,Regular,2023-06-24
1227,Regular,2022-12-29
1228,Regular,2023-02-11
1229,Premium,2023-02-20
1230,Occasional,2022-09-07
1231,New,2022-08-20
1232,Regular,2022-03-24
1233,Occasional,2023-10-28
1234,Occasional,2022-04-06
1235,Regular,2023-01-22
1236,Occasional,2022-02-27
1237,Occasional,2023-12-21
1238,Regular,2023-05-27
1239,Occasional,2023-10-23
1240,Occasional,2023-08-03
1241,New,2022-04-08
1242,New,2022-02-13
1243,Regular,2023-12-10
1244,New,2023-05-02
1245,Regular,2022-03-18
1246,Occasional,2022-10-15
1247,New,2023-08-01
1248,Occasional,2022-07-03
1249,New,2022-11-19
1250,Premium,2022-08-01
1251,Occasional,2023-12-31
1252,Occasional,2022-03-20
1253,Regular,2023-08-01
1254,Regular,2023-02-03
1255,Occasional,2023-07-08
1256,Regular,2022-05-24
1257,Occasional,2023-12-07
1258,Occasional,2023-05-28
1259,Occasional,2022-12-21
1260,Premium,2023-03-24
1261,Regular,2022-03-19
1262,Regular,2023-09-21
1263,New,2023-02-11
1264,New,2022-12-01
1265,Premium,2022-10-07
1266,Occasional,2023-04-07
1267,Occasional,2022-12-31
1268,Occasional,2023-01-20
1269,Regular,2023-11-28
1270,Occasional,2023-01-25
1271,Premium,2023-09-26
1272,Regular,2022-09-10
1273,Occasional,2022-03-26
1274,Regular,2023-01-25
1275,Occasional,2023-10-12
1276,Regular,2023-02-03
1277,Regular,2022-04-20
1278,Premium,2022-11-12
1279,Regular,2022-10-04
1280,Regular,2022-03-31
1281,Regular,2023-04-05
1282,Occasional,2023-06-09
1283,Regular,2022-01-27
1284,Premium,2023-07-22
1285,Premium,2023-09-05
1286,Occasional,2023-01-30
1287,Premium,2023-02-28
1288,Regular,2022-03-28
1289,Occasional,2023-07-27
1290,New,2022-09-06
1291,Occasional,2022-06-23
1292,Occasional,2022-06-23
1293,Regular,2022-11-05
1294,Regular,2022-05-30
1295,Premium,2023-03-22
1296,Regular,2022-11-03
1297,Occasional,2022-03-20
1298,Regular,2022-09-10
1299,Occasional,2023-05-23
1300,Occasional,2022-07-20
1301,Occasional,2022-05-19
1302,Regular,2023-02-10
1303,Regular,2023-09-28
1304,Regular,2022-12-04
1305,Regular,2023-03-17
1306,Occasional,2023-10-29
1307,New,2022-05-20
1308,Regular,2023-09-10
1309,New,2022-07-25
1310,Occasional,2022-07-01
1311,New,2022-11-23
1312,Regular,2023-12-13
1313,Occasional,2023-08-13
1314,Occasional,2022-11-30
1315,Regular,2023-02-07
1316,Regular,2023-08-01
1317,Regular,2023-07-13
1318,Regular,2023-07-18
1319,Premium,2023-04-18
1320,New,2022-08-03
1321,Regular,2022-10-26
1322,Occasional,2022-03-12
1323,Occasional,2023-02-23
1324,Occasional,2022-05-23
1325,Occasional,2022-09-05
1326,Regular,2022-06-07
1327,Occasional,2023-01-22
1328,Premium,2023-09-05
1329,Occasional,2023-02-15
1330,Occasional,2023-12-10
1331,Regular,2022-02-07
1332,Occasional,2023-01-04
1333,Occasional,2023-07-04
1334,Occasional,2022-03-29
1335,Regular,2022-09-12
1336,Occasional,2022-12-30
1337,Regular,2023-09-20
1338,Premium,2023-10-23
1339,Occasional,2023-02-14
1340,New,2022-12-06
1341,New,2023-03-17
1342,Regular,2022-04-11
1343,Regular,2023-06-07
1344,Occasional,2023-07-26
1345,Occasional,2023-08-13
1346,Regular,2023-01-19
1347,Regular,2023-11-27
1348,Occasional,2023-05-28
1349,Regular,2022-01-26
1350,Occasional,2022-10-30
1351,Regular,2022-03-29
1352,Regular,2022-05-26
1353,Regular,2022-12-18
1354,Occasional,2022-07-31
1355,Occasional,2022-12-23
1356,Occasional,2023-03-25
1357,Occasional,2023-04-09
1358,Regular,2022-11-04
1359,Premium,2023-12-29
1360,Regular,2022-12-18
1361,Occasional,2023-11-25
1362,Occasional,2022-09-07
1363,Occasional,2023-07-20
1364,Regular,2023-07-28
1365,Regular,2023-04-19
1366,Regular,2023-02-19
1367,Occasional,2022-07-10
1368,Occasional,2023-03-19
1369,Regular,2023-09-21
1370,New,2023-04-06
1371,Occasional,2023-02-03
1372,Premium,2022-08-08
1373,Regular,2023-12-22
1374,Occasional,2022-03-06
1375,Occasional,2023-07-04
1376,Regular,2022-11-30
1377,Regular,2022-04-27
1378,Regular,2023-05-17
1379,Occasional,2023-10-17
1380,Regular,2023-02-02
1381,Occasional,2023-08-25
1382,Regular,2022-12-27
1383,Occasional,2023-09-25
1384,Regular,2023-11-21
1385,Occasional,2022-11-01
1386,New,2023-08-28
1387,Premium,2022-05-18
1388,Regular,2022-09-02
1389,Regular,2022-07-07
1390,Regular,2022-05-25
1391,Occasional,2023-03-05
1392,Occasional,2023-08-12
1393,Regular,2022-07-10
1394,Occasional,2023-07-05
1395,Occasional,2023-10-23
1396,New,2022-06-27
1397,Occasional,2023-05-17
1398,Regular,2022-07-11
1399,Regular,2023-04-07
1400,Occasional,2023-01-03
1401,New,2023-05-12
1402,Regular,2023-01-29
1403,New,2023-06-02
1404,Occasional,2023-02-23
1405,Occasional,2023-03-02
1406,Occasional,2023-03-31
1407,Occasional,2022-03-26
1408,Occasional,2022-08-14
1409,Regular,2022-10-09
1410,Regular,2022-10-23
1411,Regular,2023-04-14
1412,Occasional,2023-05-23
1413,Occasional,2022-04-26
1414,Occasional,2022-10-02
1415,Occasional,2023-01-11
1416,Occasional,2022-02-12
1417,Occasional,2023-03-28
1418,Occasional,2023-03-12
1419,Regular,2023-11-01
1420,Occasional,2022-11-01
1421,New,2022-02-03
1422,Regular,2022-12-23
1423,New,2022-03-31
1424,Regular,2022-05-01
1425,Occasional,2022-08-31
1426,Regular,2023-08-26
1427,Occasional,2023-12-29
1428,Occasional,2023-03-15
1429,Regular,2022-05-23
1430,Occasional,2022-07-31
1431,Occasional,2023-08-07
1432,Regular,2022-10-15
1433,Occasional,2022-06-22
1434,Regular,2023-12-22
1435,Regular,2023-08-10
1436,Regular,2023-06-11
1437,New,2023-11-27
1438,Occasional,2022-05-19
1439,New,2023-02-26
1440,New,2022-10-11
1441,New,2022-05-10
1442,Occasional,2022-05-16
1443,Regular,2023-12-30
1444,Regular,2022-09-11
1445,Occasional,2023-11-24
1446,Regular,2022-05-26
1447,Occasional,2022-10-03
1448,Occasional,2023-01-20
1449,Occasional,2023-10-11
1450,Occasional,2022-04-06
1451,Regular,2022-10-12
1452,Occasional,2023-01-13
1453,Occasional,2023-05-15
1454,Regular,2022-01-03
1455,New,2022-04-06
1456,Occasional,2023-04-15
1457,Occasional,2023-12-16
1458,Regular,2022-03-06
1459,Occasional,2023-02-12
1460,Regular,2023-03-16
1461,Occasional,2023-05-22
1462,Regular,2022-10-18
1463,Regular,2023-08-15
1464,Regular,2023-05-12
1465,Occasional,2023-11-30
1466,Occasional,2022-02-17
1467,Premium,2023-04-16
1468,Premium,2022-06-11
1469,Regular,2022-01-01
1470,New,2023-03-15
1471,Regular,2023-12-07
1472,New,2023-10-28
1473,Regular,2022-10-08
1474,Premium,2023-01-05
1475,Regular,2023-01-16
1476,Occasional,2023-10-27
1477,Regular,2023-02-10
1478,Occasional,2023-12-18
1479,Occasional,2023-03-16
1480,Occasional,2023-12-22
1481,Premium,2022-08-07
1482,Occasional,2022-05-16
1483,Occasional,2023-06-16
1484,Occasional,2022-01-10
1485,Premium,2022-12-18
1486,Occasional,2023-03-09
1487,Occasional,2023-05-05
1488,Premium,2023-01-28
1489,Premium,2022-04-15
1490,Regular,2023-01-12
1491,New,2022-05-21
1492,Regular,2022-05-17
1493,Occasional,2023-11-25
1494,Regular,2023-06-28
1495,Occasional,2023-09-17
1496,Occasional,2023-03-27
1497,Regular,2022-08-07
1498,Occasional,2022-06-05
1499,New,2023-09-23
1500,Occasional,2022-08-11
1501,Premium,2022-04-13
1502,Regular,2022-05-07
1503,Occasional,2023-01-29
1504,Regular,2023-03-16
1505,Regular,2022-05-24
1506,Regular,2023-10-23
1507,Premium,2023-07-21
1508,Occasional,2023-09-15
1509,Regular,2023-12-09
1510,Premium,2023-11-06
1511,New,2022-07-30
1512,Occasional,2023-06-06
1513,Regular,2023-02-06
1514,Regular,2022-02-25
1515,Occasional,2022-09-03
1516,Occasional,2022-04-26
1517,Regular,2023-10-16
1518,Occasional,2023-06-25
1519,New,2022-01-13
1520,New,2022-11-21
1521,Regular,2023-08-06
1522,Regular,2023-07-14
1523,Occasional,2023-04-28
1524,New,2022-03-16
1525,Premium,2022-03-11
1526,Premium,2022-08-09
1527,Premium,2022-03-03
1528,New,2023-02-12
1529,Occasional,2023-10-06
1530,Occasional,2023-03-02
1531,Regular,2023-02-16
1532,Premium,2023-07-04
1533,Occasional,2022-06-06
1534,Regular,2022-11-14
1535,Premium,2022-07-28
1536,New,2022-06-09
1537,Occasional,2023-02-05
1538,Occasional,2023-10-28
1539,Occasional,2022-03-09
1540,Regular,2023-03-24
1541,Occasional,2022-09-02
1542,Premium,2022-03-30
1543,New,2022-04-29
1544,Occasional,2023-09-16
1545,Premium,2023-11-14
1546,Occasional,2022-06-29
1547,Regular,2023-12-26
1548,Regular,2022-01-12
1549,Regular,2022-12-22
1550,Occasional,2022-09-23
1551,Regular,2022-05-10
1552,Occasional,2022-10-03
1553,Occasional,2022-05-01
1554,Occasional,2022-01-31
1555,Regular,2023-03-16
1556,Regular,2022-03-07
1557,Regular,2023-08-14
1558,Occasional,2023-05-24
1559,Occasional,2023-01-04
1560,Premium,2023-08-04
1561,Regular,2022-06-11
1562,Regular,2022-04-16
1563,New,2023-11-22
1564,Occasional,2022-08-22
1565,Occasional,2022-01-03
1566,Premium,2022-01-13
1567,Regular,2023-04-29
1568,Regular,2022-06-03
1569,Regular,2022-02-06
1570,Occasional,2023-11-03
1571,Regular,2022-11-26
1572,Regular,2022-11-24
1573,Regular,2022-03-21
1574,Occasional,2022-05-03
1575,Occasional,2022-02-23
1576,Regular,2023-06-13
1577,New,2023-02-15
1578,Premium,2023-04-22
1579,New,2022-11-15
1580,Regular,2023-07-21
1581,Occasional,2023-01-13
1582,Regular,2023-08-01
1583,Occasional,2023-09-30
1584,Regular,2023-01-13
1585,Occasional,2023-05-21
1586,New,2022-07-20
1587,Occasional,2023-07-14
1588,Occasional,2022-09-09
1589,Regular,2023-02-24
1590,Premium,2023-07-09
1591,Regular,2023-12-12
1592,New,2022-12-10
1593,Premium,2023-11-05
1594,Regular,2022-11-11
1595,Regular,2023-06-27
1596,New,2023-03-06
1597,Occasional,2022-03-03
1598,New,2022-05-26
1599,Occasional,2022-04-06
1600,Premium,2022-08-26
1601,New,2023-06-17
1602,Regular,2023-01-17
1603,Occasional,2022-03-28
1604,Occasional,2023-06-02
1605,Regular,2023-02-08
1606,Premium,2023-08-05
1607,Premium,2023-11-10
1608,New,2022-08-31
1609,Regular,2022-11-19
1610,New,2023-02-07
1611,Occasional,2022-12-01
1612,Regular,2022-10-06
1613,Regular,2022-07-27
1614,Regular,2023-08-22
1615,Regular,2022-04-19
1616,Regular,2023-04-23
1617,Regular,2022-05-04
1618,Occasional,2022-08-01
1619,Occasional,2023-04-20
1620,Regular,2022-05-03
1621,Premium,2023-12-04
1622,Regular,2023-12-23
1623,Occasional,2022-02-11
1624,Regular,2022-12-02
1625,Regular,2023-12-30
1626,Regular,2022-12-31
1627,Regular,2022-02-20
1628,Occasional,2022-09-24
1629,Occasional,2022-06-28
1630,Premium,2023-02-19
1631,New,2023-07-24
1632,Occasional,2022-09-13
1633,Premium,2022-04-15
1634,Occasional,2022-05-24
1635,Regular,2022-03-05
1636,Occasional,2022-08-16
1637,Regular,2023-02-15
1638,Regular,2023-10-08
1639,New,2022-03-28
1640,Occasional,2022-09-23
1641,New,2022-03-18
1642,Premium,2022-03-08
1643,Regular,2023-10-24
1644,Regular,2022-05-12
1645,Premium,2022-12-06
1646,Regular,2023-04-18
1647,Premium,2023-08-11
1648,Regular,2023-02-09
1649,Occasional,2023-01-27
1650,Occasional,2022-06-26
1651,Regular,2022-07-11
1652,Regular,2023-04-02
1653,New,2022-02-05
1654,Occasional,2023-09-24
1655,Regular,2022-10-30
1656,Occasional,2023-07-18
1657,Occasional,2022-03-31
1658,Regular,2022-05-21
1659,Regular,2023-10-21
1660,New,2023-06-23
1661,Regular,2023-07-11
1662,Occasional,2023-01-27
1663,Occasional,2023-01-03
1664,Occasional,2023-05-12
1665,Regular,2023-08-03
1666,Occasional,2023-02-02
1667,Regular,2022-01-27
1668,Regular,2022-08-13
1669,Premium,2022-10-15
1670,Premium,2023-04-29
1671,Occasional,2023-08-22
1672,New,2022-06-13
1673,Regular,2023-11-04
1674,Regular,2023-07-01
1675,Occasional,2022-02-27
1676,Occasional,2022-08-13
1677,Occasional,2023-02-02
1678,Regular,2022-06-27
1679,Regular,2023-08-30
1680,Regular,2023-12-16
1681,Regular,2023-08-29
1682,Premium,2023-12-19
1683,Regular,2023-08-05
1684,Occasional,2023-07-31
1685,New,2023-05-20
1686,Occasional,2022-06-29
1687,Occasional,2022-04-03
1688,Premium,2023-09-09
1689,Regular,2023-06-24
1690,Occasional,2022-12-06
1691,New,2022-07-26
1692,Occasional,2022-12-15
1693,Occasional,2022-11-28
1694,Premium,2022-06-01
1695,Occasional,2022-05-26
1696,Occasional,2023-06-23
1697,New,2022-03-16
1698,Regular,2023-11-10
1699,Regular,2022-04-14
1700,Regular,2022-11-27
1701,Regular,2022-06-11
1702,Occasional,2023-03-24
1703,Occasional,2023-05-14
1704,Occasional,2022-06-28
1705,Occasional,2023-07-30
1706,Occasional,2023-09-21
1707,Occasional,2022-08-17
1708,Occasional,2022-06-29
1709,Regular,2023-12-07
1710,Regular,2022-07-01
1711,Occasional,2023-12-20
1712,New,2023-02-05
1713,New,2023-08-05
1714,Premium,2023-09-09
1715,Regular,2023-09-19
1716,Regular,2023-08-03
1717,Regular,2023-05-24
1718,Regular,2022-03-21
1719,Regular,2022-11-24
1720,Regular,2022-04-01
1721,Occasional,2023-11-18
1722,Occasional,2022-12-10
1723,Regular,2022-09-29
1724,Regular,2023-12-11
1725,Premium,2022-09-20
1726,Occasional,2022-01-02
1727,Premium,2023-03-25
1728,Occasional,2022-06-20
1729,New,2023-05-20
1730,New,2022-12-26
1731,Occasional,2022-04-14
1732,Occasional,2023-08-15
1733,Occasional,2023-12-05
1734,Regular,2023-04-08
1735,Premium,2022-02-04
1736,Regular,2022-11-23
1737,Regular,2022-04-18
1738,Premium,2022-06-24
1739,New,2022-06-14
1740,Occasional,2023-07-15
1741,New,2022-04-06
1742,Regular,2023-09-21
1743,New,2023-12-23
1744,Premium,2023-11-01
1745,Regular,2023-03-21
1746,Regular,2022-04-14
1747,Regular,2022-07-14
1748,Regular,2023-07-22
1749,Occasional,2023-07-08
1750,Regular,2022-10-16
1751,Regular,2022-04-09
1752,Premium,2023-08-09
1753,Occasional,2023-05-18
1754,Regular,2023-01-05
1755,Premium,2022-03-31
1756,Regular,2023-11-09
1757,Occasional,2023-05-07
1758,Regular,2022-01-27
1759,Regular,2023-10-16
1760,Regular,2022-03-25
1761,Occasional,2022-04-29
1762,Regular,2023-02-12
1763,Occasional,2023-11-08
1764,Regular,2023-10-20
1765,Occasional,2022-07-09
1766,Regular,2023-01-26
1767,Regular,2023-04-02
1768,Premium,2023-03-27
1769,Occasional,2022-08-20
1770,Occasional,2023-08-01
1771,Premium,2023-12-15
1772,Occasional,2022-03-29
1773,Occasional,2023-07-09
1774,Regular,2023-08-27
1775,Regular,2022-03-04
1776,Occasional,2023-06-20
1777,Regular,2023-07-03
1778,Occasional,2023-05-02
1779,Occasional,2022-08-30
1780,Occasional,2022-03-22
1781,Regular,2022-02-05
1782,Occasional,2023-06-14
1783,Occasional,2023-11-25
1784,New,2022-05-31
1785,Regular,2023-04-05
1786,Regular,2022-06-21
1787,New,2022-07-17
1788,Regular,2023-03-10
1789,Premium,2023-12-01
1790,Regular,2023-10-05
1791,Regular,2023-09-02
1792,Regular,2022-03-10
1793,Premium,2023-07-24
1794,Regular,2022-11-30
1795,New,2023-06-17
1796,Occasional,2022-01-13
1797,Occasional,2023-10-01
1798,Occasional,2023-03-06
1799,Regular,2022-06-03
1800,Regular,2023-08-26
1801,Occasional,2022-04-13
1802,New,2023-07-31
1803,Occasional,2022-10-20
1804,New,2022-12-19
1805,New,2022-09-28
1806,Regular,2023-05-13
1807,Occasional,2023-04-30
1808,Premium,2022-10-10
1809,Regular,2023-09-26
1810,Occasional,2023-12-12
1811,Regular,2023-02-10
1812,New,2022-12-06
1813,Occasional,2022-02-20
1814,Occasional,2022-10-03
1815,New,2022-01-21
1816,Regular,2022-11-07
1817,Regular,2023-05-19
1818,New,2023-12-03
1819,Premium,2022-08-22
1820,Regular,2023-03-30
1821,Occasional,2022-11-25
1822,Regular,2023-03-03
1823,Occasional,2022-04-02
1824,Regular,2022-08-05
1825,New,2023-02-21
1826,Occasional,2023-06-13
1827,New,2022-02-27
1828,Occasional,2022-06-12
1829,Premium,2023-12-28
1830,Occasional,2022-05-19
1831,Occasional,2023-06-21
1832,New,2022-01-30
1833,Regular,2022-07-25
1834,Occasional,2022-09-13
1835,Premium,2022-02-21
1836,New,2023-12-23
1837,Regular,2023-01-13
1838,Occasional,2023-06-02
1839,Regular,2022-05-07
1840,Occasional,2022-09-05
1841,Regular,2023-09-01
1842,Regular,2023-05-01
1843,Occasional,2022-12-25
1844,Regular,2022-09-22
1845,Occasional,2023-12-07
1846,Premium,2022-01-29
1847,Regular,2022-06-16
1848,New,2022-08-08
1849,New,2023-10-25
1850,Regular,2022-07-31
1851,Regular,2023-02-24
1852,Occasional,2023-11-30
1853,Premium,2022-05-16
1854,Occasional,2023-09-08
1855,Occasional,2022-08-18
1856,Regular,2022-11-09
1857,Occasional,2023-12-28
1858,Occasional,2023-03-10
1859,New,2022-12-24
1860,Occasional,2022-08-12
1861,Occasional,2023-11-25
1862,Occasional,2023-10-01
1863,Regular,2022-04-15
1864,Premium,2023-11-10
1865,New,2023-01-19
1866,Occasional,2023-09-01
1867,Occasional,2022-11-02
1868,Occasional,2023-05-09
1869,Premium,2022-10-11
1870,Occasional,2022-10-11
1871,Regular,2023-12-30
1872,New,2023-10-30
1873,Regular,2022-06-03
1874,Occasional,2022-09-04
1875,New,2023-09-07
1876,Regular,2022-11-24
1877,Occasional,2022-01-27
1878,Occasional,2022-10-30
1879,Regular,2023-03-05
1880,Regular,2022-02-06
1881,Occasional,2023-08-09
1882,Occasional,2022-12-18
1883,Occasional,2022-08-16
1884,Occasional,2023-10-16
1885,Occasional,2023-11-19
1886,Regular,2022-11-04
1887,Occasional,2023-11-05
1888,New,2022-07-05
1889,Regular,2023-04-28
1890,Regular,2022-09-22
1891,Occasional,2023-07-27
1892,Occasional,2022-07-07
1893,New,2022-12-10
1894,Occasional,2022-08-16
1895,Regular,2022-11-11
1896,Regular,2022-12-06
1897,Regular,2023-08-23
1898,Regular,2022-05-01
1899,Occasional,2023-10-12
1900,Occasional,2023-09-28
1901,Premium,2022-07-19
1902,Occasional,2023-11-29
1903,Regular,2022-11-02
1904,Regular,2022-06-04
1905,Regular,2022-07-25
1906,Regular,2023-08-07
1907,New,2023-04-14
1908,Regular,2022-07-04
1909,Occasional,2023-05-15
1910,Regular,2022-07-01
1911,Regular,2022-03-01
1912,Premium,2022-10-08
1913,Regular,2022-06-22
1914,Occasional,2022-06-12
1915,Occasional,2022-04-01
1916,Regular,2023-03-21
1917,Occasional,2023-02-18
1918,Regular,2023-05-04
1919,Regular,2022-02-08
1920,Occasional,2023-01-18
1921,New,2022-11-26
1922,Occasional,2023-06-28
1923,Regular,2023-11-24
1924,Premium,2022-09-12
1925,Regular,2022-12-19
1926,Regular,2022-04-16
1927,Regular,2023-08-26
1928,Regular,2022-03-08
1929,Occasional,2022-11-02
1930,New,2023-04-12
1931,Occasional,2023-09-03
1932,Occasional,2023-03-21
1933,New,2022-05-18
1934,Regular,2023-05-17
1935,Regular,2022-07-12
1936,Regular,2023-02-18
1937,Premium,2022-08-18
1938,Occasional,2022-05-15
1939,Regular,2022-01-23
1940,Occasional,2022-06-23
1941,Regular,2023-12-30
1942,Occasional,2022-02-08
1943,Regular,2023-10-18
1944,Regular,2023-07-02
1945,Occasional,2023-09-01
1946,New,2023-11-09
1947,Regular,2022-01-21
1948,Premium,2022-04-29
1949,Regular,2023-01-25
1950,Regular,2022-09-16
1951,Occasional,2022-06-06
1952,Regular,2023-12-04
1953,Occasional,2022-11-05
1954,Regular,2022-04-14
1955,Occasional,2022-10-04
1956,Occasional,2023-12-19
1957,Regular,2022-04-18
1958,Occasional,2023-09-25
1959,Regular,2022-04-27
1960,Occasional,2023-05-25
1961,Regular,2022-07-24
1962,Occasional,2023-06-20
1963,New,2023-01-02
1964,Occasional,2022-10-30
1965,Regular,2023-07-16
1966,Occasional,2022-08-01
1967,Occasional,2023-05-08
1968,Regular,2022-01-03
1969,Premium,2022-04-02
1970,New,2023-08-11
1971,Occasional,2022-06-02
1972,New,2023-06-08
1973,Premium,2022-04-14
1974,New,2023-10-22
1975,Regular,2022-10-31
1976,Regular,2022-02-21
1977,Premium,2022-06-28
1978,New,2022-10-25
1979,Regular,2023-11-25
1980,Regular,2022-04-29
1981,Premium,2022-02-16
1982,Premium,2022-05-22
1983,Occasional,2022-06-24
1984,Regular,2023-03-25
1985,New,2022-10-02
1986,New,2022-04-06
1987,Regular,2022-12-17
1988,Regular,2023-02-15
1989,Regular,2023-04-13
1990,Regular,2023-01-30
1991,Occasional,2023-05-05
1992,Occasional,2023-10-27
1993,New,2022-06-20
1994,Regular,2023-12-14
1995,Occasional,2022-06-13
1996,Regular,2023-08-28
1997,Occasional,2023-08-06
1998,Occasional,2022-07-05
1999,Occasional,2023-01-03
2000,Occasional,2023-12-02
